Title,Price,Rate,Delivery-wrapper
"Подарок мужчине на 23 февраля, подарочный набор ""Богатырь""",627 ₽,Рейтинг товара: 5.0 из 5,2 – 3 мар
"Подарок женщине на 8 Марта, подарочный набор ""Матрешка""",353 ₽,Нет рейтинга,2 – 3 мар
"Шоколадный айфон iPhone 15 pro max, подарок на 8 марта, шоколад ручной работы",713 ₽,Рейтинг товара: 4.6 из 5,28 фев – 1 мар
"Оригинальный и необычный подарок женщинам на 8 марта, день рождения",1798 ₽,Рейтинг товара: 4.8 из 5,27 – 28 фев
"Подарочный набор ""Весь мир в твоих руках"", чай черный 50 г, печенье с предсказанием, ежедневник, подарок на 23 февраля",304 ₽,Рейтинг товара: 4.4 из 5,27 – 28 фев
"Шоколадный iPhone Pro Max 16 – сладкий подарок для неё, 100 гр. Narmak",1069 ₽,Рейтинг товара: 4.8 из 5,25 – 26 фев
"Женский Мистери бокс/Подарочный набор ""Сюрприз Бокс"" электротехники, подарок",1204 ₽,Рейтинг товара: 3.8 из 5,5 – 6 мар
"Необычный и оригинальный подарок женщинам на 8 марта, день рождения",1688 ₽,Рейтинг товара: 4.8 из 5,25 – 26 фев
"Подарок мужчине на 23 февраля, подарочный набор ""Богатырь""",627 ₽,Рейтинг товара: 5.0 из 5,2 – 3 мар
"Подарок женщине на 8 Марта, подарочный набор ""Матрешка""",353 ₽,Нет рейтинга,2 – 3 мар
"Шоколадный айфон iPhone 15 pro max, подарок на 8 марта, шоколад ручной работы",713 ₽,Рейтинг товара: 4.6 из 5,28 фев – 1 мар
"Оригинальный и необычный подарок женщинам на 8 марта, день рождения",1798 ₽,Рейтинг товара: 4.8 из 5,27 – 28 фев
"Подарочный набор ""Весь мир в твоих руках"", чай черный 50 г, печенье с предсказанием, ежедневник, подарок на 23 февраля",304 ₽,Рейтинг товара: 4.4 из 5,27 – 28 фев
"Шоколадный iPhone Pro Max 16 – сладкий подарок для неё, 100 гр. Narmak",1069 ₽,Рейтинг товара: 4.8 из 5,25 – 26 фев
"Женский Мистери бокс/Подарочный набор ""Сюрприз Бокс"" электротехники, подарок",1204 ₽,Рейтинг товара: 3.8 из 5,5 – 6 мар
"Необычный и оригинальный подарок женщинам на 8 марта, день рождения",1688 ₽,Рейтинг товара: 4.8 из 5,25 – 26 фев
"Подарок мужчине на 23 февраля, подарочный набор ""Богатырь""",627 ₽,Рейтинг товара: 5.0 из 5,2 – 3 мар
"Подарок женщине на 8 Марта, подарочный набор ""Матрешка""",353 ₽,Нет рейтинга,2 – 3 мар
"Шоколадный айфон iPhone 15 pro max, подарок на 8 марта, шоколад ручной работы",713 ₽,Рейтинг товара: 4.6 из 5,28 фев – 1 мар
"Оригинальный и необычный подарок женщинам на 8 марта, день рождения",1798 ₽,Рейтинг товара: 4.8 из 5,27 – 28 фев
"Подарочный набор ""Весь мир в твоих руках"", чай черный 50 г, печенье с предсказанием, ежедневник, подарок на 23 февраля",304 ₽,Рейтинг товара: 4.4 из 5,27 – 28 фев
"Шоколадный iPhone Pro Max 16 – сладкий подарок для неё, 100 гр. Narmak",1069 ₽,Рейтинг товара: 4.8 из 5,25 – 26 фев
"Женский Мистери бокс/Подарочный набор ""Сюрприз Бокс"" электротехники, подарок",1204 ₽,Рейтинг товара: 3.8 из 5,5 – 6 мар
"Необычный и оригинальный подарок женщинам на 8 марта, день рождения",1688 ₽,Рейтинг товара: 4.8 из 5,25 – 26 фев
